id_code,resolution,fov_stage,brenner,varLapNorm,tenengradVar,regionMin
09f1111a388a,2048x1536,pass,12.8813620211776,0.0163442367530701,32.897996211835,0.0120386609779935
17e6116b89b3,1050x1050,pass,12.4757167313605,0.00275340877883006,18.5885067389653,0.00220326342448911
1db0393cdbc1,819x614,pass,37.1514458792125,0.00584025640184646,59.0761066915671,0.00498049416555367
1df0431bfa73,2048x1536,pass,11.3871143323274,0.00286185689533823,6.86105819873593,0.00236948111604303
1e8c31e29dd3,1050x1050,pass,12.7664632976957,0.00240277621236227,12.8847705010135,0.00158615119736676
226c6ceb9185,2048x1536,pass,12.3847212177234,0.0197748505981823,41.2447622528237,0.0150374595598183
2585bbc91909,2048x1536,pass,13.3162120511471,0.0165701635325124,31.1877768803295,0.0132791746228115
28f73575e1f2,819x614,pass,13.1092726214896,0.00311773672983975,83.7158051841275,0.00261906480865395
3178559fbf57,1050x1050,pass,7.72695827145939,0.00141467758092131,4.63307558696365,0.000997001637541547
33d72035c27a,2048x1536,pass,13.4212913480776,0.00303716798696607,11.2755269338643,0.00171840845392441
3b2b91590590,1050x1050,pass,14.1608263868319,0.00335273375152504,16.7415716293574,0.00268769105177439
4036471a1bb7,2048x1536,pass,12.16491645263,0.0149762292087222,24.2365858484198,0.012936678839132
40dd4e6e4444,2048x1536,pass,10.8742442811341,0.00345688234547643,5.88516172609001,0.00303776753527028
4145dcb25053,2048x1536,pass,10.640018200921,0.00347078651972435,5.56150543735139,0.00202467337084772
4210809074c1,1050x1050,pass,18.5449802373738,0.00436586858094664,33.240259976876,0.0031717471287852
4dd4a4bf2421,1050x1050,pass,11.8512443771938,0.00259229633346556,13.2312805607433,0.00159245443506286
4e1e252317b5,1050x1050,pass,10.3628820489215,0.00168834478829318,11.3811100670659,0.00112535037127562
4eabad7948cf,2048x1536,pass,12.2173119701283,0.0198005233222804,43.9773135640718,0.0123146591358305
4faf4063db8c,1050x1050,pass,14.4594227454283,0.00273160488035218,18.5939859080404,0.00218601851886953
5069feccd866,2048x1536,pass,13.1971399137052,0.0143675411196797,28.8284931878518,0.00983554264434162
511fd66b2df8,2588x1958,pass,4.99648701854895,0.00283670118334093,2.0896093771792,0.0020317299717428
51aa3361294c,819x614,pass,4.27447402065018,0.00193312011148827,8.96563871948923,0.00156065251877998
521b5377a727,819x614,pass,1.76126678597375,0.00248518402562185,74.5254134979476,0.00205826726398611
5257cb536da2,819x614,pass,8.11406657635836,0.001540518152168,17.4202693437896,0.00132327226183717
5299a532f0e0,1050x1050,pass,8.80984231785038,0.00182879899352471,5.63870015403908,0.00140992058034269
53273d664cd8,1050x1050,pass,15.7804184397833,0.00270784545965806,21.2855353212114,0.00211662421809333
535682537302,1050x1050,pass,9.10083875468224,0.00135639591647627,4.8737552675082,0.000702359506721061
58059e73d2d4,819x614,pass,13.7653388263736,0.0057674215204797,265.716483201981,0.00427842367477121
5889a0c75cac,1050x1050,pass,26.375634678467,0.00282880399530726,33.7055515266246,0.00182170870365273
5b2648ad455e,2048x1536,pass,11.3426314640904,0.0057629042187602,8.22224896004163,0.00446453775783958
5b47043942f4,819x614,pass,27.512800776862,0.00333189698982821,173.784343234873,0.0029651173347404
5d6239c0fd39,1050x1050,pass,12.0582786221749,0.00236524718427082,12.427699985911,0.00200568092838701
5db895d3f1fc,2048x1536,pass,11.9004892260831,0.00370597169420585,9.57484513062549,0.00212172018644446
5de4615a5161,1050x1050,pass,11.1622932411722,0.00277082788462345,14.224511232956,0.00235638948318409
5f4a8c074bd5,1050x1050,pass,13.0516634408144,0.00280154790384337,18.7335578899457,0.0023901295334742
5f6db235c04d,1050x1050,pass,10.3079051357849,0.00201001251199993,6.47540072554097,0.00167252863503697
60aa4e649abf,2588x1958,pass,3.62319899991676,0.00309506938418812,2.23663007711822,0.00250416648046625
60edda7b4871,2048x1536,pass,12.9621109449661,0.0133423687275337,24.3608888952012,0.0114874064664564
61d9c88a3a4b,2048x1536,pass,9.6567527831629,0.00381376988835525,5.62012720411293,0.0029880865744735
639915f58a2f,1050x1050,pass,17.303839745423,0.00265144569207014,19.7140203363088,0.00164133328969566
650104ede84c,1050x1050,pass,15.6684120034512,0.00242549453113095,18.135930746758,0.00143440929031665
66460ecab347,2048x1536,pass,16.6089484147477,0.0445455777590233,113.238583631646,0.0204900726384406
66bfec8d6bcd,1050x1050,pass,13.5990406038458,0.00133023480503555,13.3166434862724,0.000954149327559342
691eeb59b4cb,1050x1050,pass,15.2321196125316,0.00286678332106527,21.1887215259153,0.00254624692350566
69f43381317b,2048x1536,pass,12.6381435246836,0.0023055028741018,6.76074453383934,0.0019067410601423
6c30dd481717,819x614,pass,13.8095943388889,0.00366117986226398,58.2077631365997,0.0030489184208781
6c3589d7ed8d,1050x1050,pass,20.0090866296612,0.0031307526518611,46.8886001988029,0.00182193140456104
6c6505a0c637,2048x1536,pass,14.4268553026462,0.0247556050408761,45.4592507612987,0.0184942531646773
6f460f9968c7,1050x1050,pass,13.5335896758207,0.00250180156694447,22.9665571554571,0.00213229924704055
6f689fced922,1050x1050,pass,18.155717613468,0.00232951803646475,24.8844363205809,0.00165976273889991
7131bf4c9e6f,819x614,pass,3.49837039003358,0.00188334589469008,12.9982919746777,0.00179816173960751
71c22da3d6c6,2048x1536,pass,14.5263408293586,0.00568621929507187,19.3975128428135,0.00380874424975109
77acc2cafee1,1050x1050,pass,20.7970994191604,0.00299357823810937,46.180650518234,0.00192222647592381
79ade634c633,2048x1536,pass,13.749635802297,0.0278752284871969,55.77043187126,0.0180972473283659
7f2123bc89a3,819x614,pass,5.92760167489317,0.00230199062750692,17.2260505680212,0.00190139260062922
87d46b1cc4e9,2048x1536,pass,16.9361656578139,0.0450360079141993,83.5076150137841,0.0228481115793354
883c6a184f16,1050x1050,pass,16.5384250956808,0.00283927431664888,17.3535824905261,0.0019069189928646
8b079e79035f,1050x1050,pass,7.72591435892255,0.00178178050639715,13.3070966501913,0.00147259072014256
8e2a3978c244,1050x1050,pass,13.0914534325179,0.00160508963775934,16.3126063577393,0.00102167052231684
90bde2ff8953,1050x1050,pass,11.7878126865478,0.00224274010910354,10.2461382595466,0.00205615006757808
a02dfd67a925,819x614,pass,4.16354696706349,0.00223531480841411,5.88030896207808,0.00211405651842917
a188c60b93fb,2588x1958,pass,9.33917235998176,0.000976909321661683,5.538770230404,0.000799315638697615
ac1667fac512,1050x1050,pass,11.0530696489426,0.00257991384282949,31.6266655909285,0.00220744900678813
ae94ce412de9,2588x1958,pass,4.33402827609375,0.00233604766279825,1.83967412590452,0.00204029171917309
aec51513cf45,819x614,pass,8.17877529374236,0.00313710918786393,310.428605968308,0.00256258745125138
afc744fad65e,1050x1050,pass,16.4803739991951,0.0024708066355888,19.4546675506902,0.00175748262647375
b0619ca93a5f,1050x1050,pass,10.0349261287248,0.00208831247997206,9.61339779479998,0.00183835744470484
b200c23b299b,1050x1050,pass,21.2249834251105,0.00481230222685704,50.5785850599787,0.00432316001099636
b46b09a45f39,1050x1050,pass,12.518363481976,0.00184588058839794,11.296573664848,0.00107175848680848
b5a3ca5c0a80,1050x1050,pass,17.4324834452336,0.00219005516080485,34.3085703584238,0.00149325310832924
b9519abce0c1,819x614,pass,6.68915067211538,0.00126541590682729,0.904922828290954,0.00105194934852331
ba2ea9182090,1050x1050,pass,13.9413699303504,0.00307653160164778,25.0937648335031,0.00245832024605803
bc34f52c37c7,2048x1536,pass,10.7937309565608,0.00232688197345857,5.04666432382821,0.00152413043667608
bcb0498ed2c1,2588x1958,pass,3.65840800355904,0.00488133308619786,2.36139471756666,0.00398794690348429
be197b663520,1050x1050,pass,14.1647438601957,0.00298438722428078,24.5999746019127,0.00159139074101007
bfa30ebf63a8,1050x1050,pass,14.5061137010575,0.00235817589875964,20.1101557383953,0.00163505496229708
c1819db0aece,1050x1050,pass,11.0326262710227,0.00283846878199356,10.8728539652222,0.00181488703420463
c5a0e84e955d,2048x1536,pass,12.3653394203412,0.0167380786608431,32.8034788210686,0.0138962756501051
c6916bc42016,1050x1050,pass,22.8031560016099,0.00329811286109805,57.923641026873,0.00263742951369761
d4583e9525dc,2048x1536,pass,18.0361187861026,0.0716924008692105,198.364530276184,0.0444604355713468
d667af5742f6,1050x1050,pass,7.15439132267992,0.00105989042370795,3.62733922959297,0.000562085438405593
d6b109c82067,1050x1050,pass,14.0468541739636,0.00246568783278659,11.5203506131057,0.00189883444699562
d7ac4a0c9760,1050x1050,pass,10.4725565556503,0.00178907626830959,6.75660873830371,0.00138662090888822
d7bc62d60e8c,2588x1958,pass,4.82452614633158,0.00191189392716641,0.601800486472397,0.00164517494459847
d865997a6280,2048x1536,pass,9.91728745757157,0.0038322800506491,6.29207843438329,0.00227217616439593
d91635f380b4,2048x1536,pass,14.9817334775993,0.0421217847384159,80.2895529864756,0.0342296426064833
d9ad2a0ec026,1050x1050,pass,7.35370280865951,0.00152181072856944,4.63557134664353,0.00131967184231395
da3a2275c850,1050x1050,pass,20.0591347456124,0.00357530254449135,44.0000105777109,0.002742686924464
dd3176bacfe2,819x614,pass,1.39384457753358,0.00149147585860339,324.046619403084,0.00127047541409702
de38adaae009,2588x1958,pass,3.16861641198784,0.00297626722174397,0.788974508010962,0.00283911680763349
de55ed25e0e8,1050x1050,pass,17.2813885319445,0.00308313446188699,23.9142657658548,0.00195771963113483
dee1031a76ae,819x614,pass,3.52039873856838,0.00143013987227857,2.78441887794085,0.00111710900200222
dee31065f8fe,1050x1050,pass,16.0608694429924,0.00335273252261477,35.858423564131,0.00236875199605211
df0886f1e76b,2048x1536,pass,11.7755767720199,0.00313113604068022,7.30941007490977,0.00200845931824055
e067b06fd655,1050x1050,pass,10.4186097553609,0.00283510995300667,11.1333352515509,0.00223129842068083
e47770a2e5d1,2588x1958,pass,4.57088233084818,0.00389540553737189,2.40288424435465,0.00304363182725274
ef81cd8854cb,1050x1050,pass,15.0107838149411,0.00297829285720415,18.7787765743827,0.00220063186296143
f02956bd7c50,2048x1536,pass,11.5049216571595,0.00624247162421895,12.3759273298995,0.00516038844282606
f3b27ac2d371,1050x1050,pass,12.8942197851957,0.00215465168943853,16.0605408262496,0.00125232559201461
ff4955e76894,2416x1736,pass,5.09799978959098,0.00125117411913405,3.18165795983515,0.000930138904815601
00cb6555d108,2416x1736,pass,3.83174851986418,0.00123929690460204,2.55943552960886,0.000933279433067484
059bc89df7f4,2416x1736,pass,7.6124959097871,0.00192175069014897,5.4389020431205,0.00135264892785386
07a1c7073982,2588x1958,pass,8.08684966745786,0.00487375235030306,17.4591350672838,0.0046976531886043
086d41d17da8,1844x1226,pass,4.20979229637429,0.000706656077096239,4.66583428266005,0.000604382909509657
0d310aba6373,2588x1958,pass,9.86352935141817,0.0040282819673165,6.85255885842926,0.00351731097688355
0dc031c94225,2416x1736,pass,6.13458405349132,0.001573079000304,6.61388912030872,0.00112869785069654
111898ab463d,2416x1736,pass,5.66026564118782,0.00205871418085063,28.8463828562603,0.00161203810347504
12e3f5f2cb17,2416x1736,pass,3.56619470714287,0.0010553335707394,1.78986317822522,0.000812081130159503
18b06f56ab27,3388x2588,pass,3.46838093610945,0.000835910765461052,0.461515107924847,0.000752715658775588
19722bff5a09,2416x1736,pass,5.39882536324597,0.000848343041098235,4.62449115985009,0.000637903934491472
1b329a127307,2588x1958,pass,3.08949633575313,0.00323416707340683,0.766970055384245,0.00264693190802642
274f5029189b,2416x1736,pass,5.48214505599246,0.00160721159427089,5.14942411729805,0.000966948018661739
27e4c800a449,2416x1736,pass,7.07784084265302,0.00280762226462369,10.9891616525716,0.00183400583647871
29b52f64d2db,2896x1944,pass,4.8106890891241,0.000787812198285703,5.31315656422535,0.0005725582704959
2f2e1949ad56,2416x1736,pass,3.15680567307312,0.000996591763882135,2.48903939828866,0.000627306428399098
30941b65348b,2416x1736,pass,3.91954534513318,0.000535811188418798,1.60457280162278,0.000464857019694223
30cab14951ac,2416x1736,pass,6.15090873239662,0.00420131049029615,10.0777528888253,0.00327308055823797
358d2224de73,3388x2588,pass,3.07524784016716,0.000880380545127404,1.13269680973524,0.000612260833356796
35aa7f5c2ec0,2416x1736,pass,4.14499147189982,0.00142130992433128,3.04703695787058,0.00119088083615326
365f8c01d994,1050x1050,pass,11.3460345183923,0.00185011343297599,21.0120505161053,0.00158293593271276
36677b70b1ef,2416x1736,pass,3.33837913392477,0.000582344009148435,2.48500423455843,0.00047910532478796
4661006f3ba6,2416x1736,pass,3.7913075178915,0.00145047862918234,3.19674906451094,0.000927148183268215
4aa07d720638,2416x1736,pass,3.26900563306053,0.000563500692821854,1.15005582745014,0.000458415742452556
4dd9d29eae5d,2588x1958,pass,2.5524009775932,0.00377413180246456,0.587353147935284,0.00259717362763342
4e6071b73120,1844x1226,pass,3.83739938905038,0.00134310162859616,2.73229873087869,0.00126291719537353
51131b48f9d4,2416x1736,pass,8.05282941806702,0.000758172891808523,9.40543895977103,0.000498724630496236
5347b4c8e9b3,2588x1958,pass,6.89348586623418,0.00383878455346176,5.01068901005555,0.00334012396263348
5633ced07d8e,2416x1736,pass,3.6308738768735,0.000596186683996961,1.12819596887121,0.000353561865123152
582115961a3d,2416x1736,pass,5.717826511714,0.00152402095141512,6.32796863374029,0.00100712771288443
5879285f9d8d,2588x1958,pass,5.93952236181707,0.00159437260519452,1.44838252577621,0.00139038513411631
59e5212f7139,2416x1736,pass,2.97567345472948,0.000842355976166297,1.55290806649021,0.000616675384433804
5b068765e846,2416x1736,pass,7.14454184165905,0.00243428509326301,7.14540967228133,0.00204178621419879
5b0e53f53ef3,2416x1736,pass,6.87226198236227,0.00350335922974348,9.74664625267965,0.00277131999581716
5efa24b03d5e,2896x1944,pass,7.83367329165909,0.00083801878149847,6.58391948213161,0.000662608556632323
613bacb35c05,2416x1736,pass,3.98856614949253,0.00100828690931949,2.30590284462357,0.000683886531641124
6165081b9021,2416x1736,pass,4.3966886146215,0.00137545686147883,3.21927969440028,0.000877739041658488
61bbe8db6f3a,2416x1736,pass,4.14952775891523,0.00143778474138558,3.58188460201648,0.00097538780108979
6298468d7d75,3388x2588,pass,4.08129368990248,0.00187091267939576,0.792475194962012,0.0012403395989513
64678182d8a8,2416x1736,pass,4.68251563764882,0.00156299939435738,4.22638107569117,0.00112353621649371
6b07971c3bf6,819x614,pass,2.23008123571429,0.00170631395243583,32.8675574146431,0.0013076520897304
7335a2d43ada,4288x2848,pass,3.73413529652644,0.00105584365274474,2.05667024674073,0.000568621943420576
7427dedafccf,4288x2848,pass,2.14412063062622,0.000583010858853774,0.674159109246958,0.000309589055362497
756b0d6488bb,2416x1736,pass,3.77909858059754,0.000914755167467843,2.39157344423167,0.000643259362218659
76be29bb30b2,2416x1736,pass,5.27929685533808,0.00137479849295999,5.72744286038256,0.00117853582977441
76e589911303,2416x1736,pass,3.27365739323681,0.000818825501041639,1.27960777621523,0.000580332702965327
77a9538b8362,2416x1736,pass,5.98335904247941,0.00245696809843088,7.51985049550083,0.00150822123952895
7ae69d22075a,1050x1050,pass,13.3690073873264,0.00272610230275543,18.7469964558103,0.00232041595127238
7ea756985353,2416x1736,pass,5.91932616971728,0.00207024174316602,5.80677273770154,0.0017542906735965
7f60f2a083d3,2416x1736,pass,3.22772283546438,0.00118057838486085,2.20650874646604,0.000758385288306084
80a02014b418,2896x1944,pass,6.94235665470904,0.00204681441141698,11.343181902971,0.00138699892842739
8114d6a160df,4288x2848,pass,3.52271072550828,0.0011719555214005,2.33891170868677,0.000664414311597415
821789e9053f,1050x1050,pass,16.6606025035669,0.00271874487548239,155.800654266149,0.00220248437007336
8273fdb4405e,2416x1736,pass,4.01362957194369,0.000894206118853784,2.75619072662219,0.000680389838195434
849a91e9ab28,2416x1736,pass,5.62606111914303,0.00180547664539795,8.84509067821087,0.00141411703601381
8676427e4625,2588x1958,pass,9.59523478162177,0.00298139319236024,4.4171461410317,0.00217205275480159
89ed6a0dd53f,2416x1736,pass,6.21581037955206,0.000920426158674944,12.8179153952226,0.000794888129011294
8a25a080f28f,1844x1226,pass,6.29035239759202,0.000506703055469112,8.71463213223899,0.000454318321191959
8f2996b8d855,2416x1736,pass,4.0081562257288,0.000738224537996404,2.57167932614006,0.00053250898994237
8fc09fecd22f,2416x1736,pass,4.3850124109337,0.000871638561080781,3.62189658900146,0.000600882070123309
8ff863f8874f,2588x1958,pass,1.72271724387701,0.00142419963312448,0.740898571235146,0.00109254769410035
94372043d55b,2416x1736,pass,4.62841616133816,0.00137083580878054,4.46875534781597,0.000829984800601307
94b1d8ad35ec,1504x1000,pass,6.46674460394128,0.00635950997581688,3.20659688166375,0.00573721768347797
98fbe56dcc2c,2416x1736,pass,7.81484667982869,0.00273227592934035,17.83949420965,0.0021685489038914
99132193eaa0,2416x1736,pass,4.27401331465393,0.00119006080372977,6.07422918019589,0.000894479211074237
99ecdb41d5e7,3388x2588,pass,4.45522730313435,0.00236858686286185,1.32775991814113,0.00209002635762785
9eaf735cf01f,2416x1736,pass,2.59797952430175,0.000857182356208931,1.98844840787217,0.000462801311050112
9ed666e982cd,2416x1736,pass,4.97586363669109,0.000624168046859406,44.7660554377219,0.000385817095282848
a00b4cb250a7,2416x1736,pass,5.27044338696774,0.00251954369582347,6.60302673940706,0.00156067131192802
a2696f444ecb,2416x1736,pass,5.73525921808037,0.00346674706237347,8.13058365965351,0.00289549743395317
a3ad6c2db6f1,2416x1736,pass,3.77585895814065,0.00108425090383445,2.40946762963611,0.000672935281980956
a3d2a0c4cd17,2416x1736,pass,4.85460061105199,0.00131104391961275,8.20356040412029,0.000946995477377394
a75bab2463d4,2416x1736,pass,8.87678531039379,0.000725353557908437,7.92796249041988,0.000469224632179609
a77dbec966d4,2588x1958,pass,10.8961773323145,0.00417076114228375,10.6922901406965,0.00400671053256989
a8c950a99107,2416x1736,pass,4.50303590150911,0.00223180992425377,5.37082879633543,0.00177946822484469
b4f41b5bf0ef,2416x1736,pass,4.77165098304718,0.00162732968854007,5.00088094647596,0.00126820265702437
b56340f472d2,2416x1736,pass,4.72881804875612,0.00202027720125765,15.6193241828689,0.00150826072877394
b71428739d4e,1050x1050,pass,12.2570341310659,0.00257737234049584,26.7993530476262,0.0022784975183512
bb11db08584a,2416x1736,pass,7.78724324754656,0.00150383572685447,12.0010468489989,0.000731298209412674
bb45257258cc,2416x1736,pass,3.87905319700093,0.000946179453188696,1.919792693207,0.000719262533844434
bd269a1f0e4d,2416x1736,pass,6.18231992676284,0.00228498199815044,5.70454518353886,0.00169446627167541
c0e15e8e2b46,2588x1958,pass,3.06431669434582,0.00113716905577607,0.631752536710014,0.000984247039467665
c1e6fa1ad314,2416x1736,pass,4.46951552457841,0.00254558730535106,5.66804555477756,0.0017187546062365
c1ebe785503a,2416x1736,pass,4.70544022193225,0.00137569110989297,3.91062884518577,0.001038524965098
c40976189f22,2416x1736,pass,6.20937784649345,0.00105633777500553,3.30943089123806,0.000785961523989426
c4a8f2fcf6e8,2416x1736,pass,2.8213064188225,0.000556011688001289,1.3496990504631,0.000369474735713236
c739ff9580d3,2416x1736,pass,6.52923016471118,0.00138812714475305,7.41535894718387,0.00109364121621941
c9485c38fdd5,2416x1736,pass,5.46367825827994,0.00215655711774858,7.15429568168079,0.0014940151491181
ca25745942b0,2416x1736,pass,3.83174851986418,0.00123929690460204,2.55943552960886,0.000933279433067484
cae51154e1ce,2588x1958,pass,3.77647150166724,0.00639551925773997,4.86903857433947,0.00613717147307412
cd45bfa07d41,3216x2136,pass,2.75597750388868,0.000493421677321679,0.484910177059604,0.000423175814442377
cfd1bd0fcbb4,819x614,pass,1.83726744062882,0.00271282085073303,1.28657539091087,0.00212356343023629
d4f32b9c07df,2416x1736,pass,3.46071443577914,0.000744978909940619,2.1851407259287,0.000447289260728042
d66b6f333dc7,3216x2136,pass,1.53683417123904,0.000332533565046969,0.288612274688407,0.000312206258978809
d85d052900b4,2416x1736,pass,4.58984249859968,0.00183392320108339,4.96525752404374,0.00132487692936504
dbd062558b81,3388x2588,pass,4.24328633974758,0.00133777997547818,1.03655409962481,0.00107065961704725
e580676516b0,2588x1958,pass,7.62068391707865,0.00274420770146266,1.95766025820816,0.00228165233766936
ec4649213ccf,2416x1736,pass,4.20894800781824,0.00081420563032321,1.67966797109991,0.000661622147447061
f5650eb52640,2416x1736,pass,3.16533367897207,0.000883352733554816,1.67410575096955,0.000551429551330969
f72ef9ceeaa8,2588x1958,pass,2.44028959203525,0.00441290274406443,0.694931640400353,0.00417022182063658
fdd18ccbbdc5,2416x1736,pass,4.72019775149003,0.00217933419477427,4.79637564237683,0.00146595075215712
00b74780d31d,2588x1958,pass,2.50256791813165,0.00469195330197138,0.990528290604911,0.00352339591582113
026dcd9af143,3216x2136,pass,4.84020887702858,0.00674907857069432,4.20803399500995,0.00513507652309517
033f2b43de6d,2588x1958,pass,2.93341827617853,0.00829673446391596,7.12575431514138,0.00630063864005815
0415fc68b176,2588x1958,pass,2.59251717049042,0.00372579876776196,0.58884882939202,0.0032137157894492
041f09eec1e8,3216x2136,pass,2.29728852086351,0.000567540089441978,0.484228433339175,0.000457157369622207
04a6fc58dabc,2416x1736,pass,6.36505688050215,0.00249257548204867,16.2791710467329,0.00161777715190861
07083738b75e,3216x2136,pass,3.24133833774737,0.000827983316400718,4.32195156395679,0.000717137457948543
07419eddd6be,2144x1424,pass,6.43926029697076,0.00633941991841016,8.27589159392006,0.00459382750644781
07a3be30563b,3216x2136,pass,3.36977995703,0.000405027233066179,1.69382013119394,0.00032678959544088
09eeafa9656a,3216x2136,pass,1.53708502020994,0.000162361487201314,0.181271595132526,0.000139994211972876
0e75d51152fc,3216x2136,pass,4.12131728126007,0.000455582429564944,1.75576605414744,0.000388937749082709
10eefba568dd,3216x2136,pass,2.94140552841209,0.000366486372641319,0.858831150423679,0.000295954721685971
115e42dd6a81,2416x1736,pass,5.93325989454939,0.00166858334120467,29.4106832421869,0.00104887740381908
141735b57ec0,2416x1736,pass,5.41626384378627,0.00145350431635614,6.23016309768406,0.00101200653453456
1ade1e949383,3216x2136,pass,2.29012120594033,0.000489535186552166,0.890079386116061,0.000388581421551586
1bea04b2bb2d,3216x2136,pass,1.5376510988603,0.000313890832253989,0.238355489503407,0.000272995637678574
1c4d87baaffc,2416x1736,pass,4.14499147189982,0.00142130992433128,3.04703695787058,0.00119088083615326
1cb814ed6332,1504x1000,pass,6.79716023191169,0.00431182631239232,3.59963234585484,0.00396370469209385
1e143fa3de57,1504x1000,pass,8.75809393180191,0.00377110802925679,16.0506653180123,0.002834379752342
1e4b3b823b95,2588x1958,pass,5.09078324671024,0.00112833144635211,0.830582757063144,0.000920523627901244
20c883d3bd38,3388x2588,pass,6.17933655781157,0.00274732805971352,6.29334220330124,0.00198625507482959
2131aa3a1e6f,1844x1226,pass,1.48834170101248,0.000312153966843438,0.305096711024247,0.000181687998125464
261c6bd63bff,3388x2588,pass,4.3885151362626,0.00136084124635661,2.93630979186744,0.00114085539029179
2b07790a2422,3388x2588,pass,5.35941116466923,0.00454969972723611,4.30171852150909,0.00369255484803495
2e79041ef722,2588x1958,pass,2.56023113275751,0.00733405418060404,5.05096615104917,0.00463502727707902
2fb3a8606a77,3388x2588,pass,3.86735791447612,0.00167093010892934,1.00183618457618,0.00135156310666434
308f7fce6f0d,2588x1958,pass,4.12152543871066,0.00341141211481952,4.14532300688115,0.00285205797266712
331b87d1b9d1,2416x1736,pass,2.60313341426663,0.000502486317040294,1.73861623822732,0.000321624013410648
38e111cac46f,3388x2588,pass,3.90372892419408,0.00150792826008578,3.35789458992924,0.00128198558952151
3cd801ffdbf0,1504x1000,pass,11.7620770731218,0.00591733044003075,89.7930836667122,0.00489162724924851
3d3e288d490e,2896x1944,pass,5.24554656616739,0.00190032860327516,40.4527865503614,0.00104160492214111
3fd7df6099e3,2144x1424,pass,8.074900102348,0.00941549888655083,11.6172454923311,0.00712628792201657
437cbec4a3f8,2416x1736,pass,5.05338184078529,0.000502615236241798,7.16999311556781,0.000402584438207389
453d553b0a94,3216x2136,pass,2.76767963096622,0.000773253427102627,1.16536733307366,0.000480235687115963
47b756014447,2416x1736,pass,1.70400966339287,0.000323443048028113,0.980721570937065,0.000210659477240979
4d21ce39c905,3216x2136,pass,1.89167433784162,0.000251051173356351,0.203259309091222,0.000173916940378331
524f240e0c90,3216x2136,pass,3.06256304138139,0.000512858709013185,2.02801784369776,0.000460000401846043
55fd453001cc,2416x1736,pass,6.26884050199178,0.00349409982606228,9.61396294207205,0.00297430067009837
61c2fbd16e38,2588x1958,pass,3.26207911677707,0.00442721601986524,5.49553812982719,0.00335205100736107
63c3c571b8ee,640x480,pass,8.92557082963542,0.00237744678675542,386.340969330299,0.00154417256788265
663a923d5398,2588x1958,pass,3.30655126608609,0.00424622827622842,3.21092163014333,0.00364055588579546
66bae1ba227f,4288x2848,pass,3.01201991176257,0.00220148824126804,3.232794858618,0.00161505466698539
6733544ae7a6,2588x1958,pass,3.89883463743638,0.000847998167847009,2.35536653338598,0.00070522296379167
686ed1dbae20,2144x1424,pass,3.90909825329957,0.00245619502204796,1.77960281562188,0.00176456501456928
69591ebb198d,3216x2136,pass,1.9850931854564,0.000535680444086456,0.447406624489433,0.000456105415856936
6987804eb464,1844x1226,pass,4.88420942750107,0.000219759373308561,16.1212426708506,0.000177397153282592
709784f7fcc2,1844x1226,pass,2.99013510364401,0.000724267576286487,13.0019794360535,0.000402230573762153
71e4130bf5c8,3216x2136,pass,4.94468732818533,0.000615828910347596,3.67271317279531,0.00047074681341093
757572337fd0,3216x2136,pass,1.35675618491845,0.000385348994178937,0.558893207490165,0.000331541343406619
7bc2e0fa3f72,2588x1958,pass,3.37982493378193,0.00460920894241466,12.5461222379293,0.00448666569954207
7bda86d95c5b,3216x2136,pass,4.82413540423404,0.000450229973808756,2.74465285944913,0.000353969937102793
7d1b40fdbd86,1050x1050,pass,15.2714084626631,0.00358657685627553,25.6047927571978,0.00210156424310426
7d8f67cadc29,3216x2136,pass,1.60395918763825,0.000279444739279194,0.181006287193284,0.000209183813664002
807135cbc438,2588x1958,pass,2.59212004780011,0.00671448549797021,5.01103372503665,0.00589832429664789
840527bc6628,3216x2136,pass,1.45123452510155,0.000253247663295906,0.311746449789848,0.000201655357583065
89fc080f7e83,3216x2136,pass,2.53056638687336,0.000568305577860372,0.842039202845345,0.000375004634653744
8ff2733f6aef,3388x2588,pass,4.27562315299649,0.00214460546460436,1.64453307965544,0.00145762705707136
91e8af9ceee9,3216x2136,pass,2.04392032396865,0.000340163073651873,0.314774230566812,0.000317034735417914
96d48b073f18,1844x1226,pass,2.11263338225218,0.000236747189902258,6.62081657677742,0.000221332084734998
97a5ad7548b7,3388x2588,pass,3.07531264712948,0.0017517363205251,3.6448276474369,0.00141134043991609
98e8adcf085c,3216x2136,pass,4.84020887702858,0.00674907857069432,4.20803399500995,0.00513507652309517
9a3c03a5ad0f,3216x2136,pass,7.42944445198123,0.00368089703098532,3.16627739557354,0.00322411371695015
9ad92f1c1542,2416x1736,pass,5.62392481343103,0.00120439500700782,3.02604024471256,0.00106061895608037
9b418ce42c13,1504x1000,pass,7.00965437594197,0.0036550154159484,16.0361605793484,0.00277788913429202
9c088d2d1559,2588x1958,pass,2.31550199900653,0.00191992490415084,0.870679969460379,0.00153129345128834
9faad91b6578,2416x1736,pass,8.93285115413042,0.00454019164444308,21.0454852689475,0.003844264411228
a01c590c444f,2416x1736,pass,4.05904599551665,0.000360865815522988,9.320825806543,0.000304547592134927
a150ff5dfe07,3388x2588,pass,7.98450898574,0.00168515887793359,5.61897522596713,0.00113580811689616
a2ad3da4c7d6,2416x1736,pass,3.30742920030335,0.000972648636672355,2.43197676318431,0.000585001437762464
a505981d1cab,2144x1424,pass,4.97625899751129,0.00381979784954615,2.37754667405549,0.00335178208201792
a56729de89e9,1050x1050,pass,9.46424757503684,0.00161925775792146,14.0828717374343,0.00148264312779083
a86c6283fd78,2416x1736,pass,3.06596326029648,0.000677751289032102,1.27217963189787,0.00044021411531849
aed4e743c230,2416x1736,pass,5.60616689336655,0.00205368574014635,5.43902937849081,0.00121469104161522
b0cc9f8d06e4,3388x2588,pass,3.39789290159485,0.00160034291511667,3.22280774895913,0.00129632638294294
b1f4122fd36a,2416x1736,pass,2.95571772043842,0.000929904967673178,1.85651730791672,0.000613732928396234
b8ac328009e0,1504x1000,pass,5.83140097053281,0.00233440753916585,3.03373756246668,0.00207659114344862
b8f1b30877db,2416x1736,pass,4.96813076403581,0.00233086006806758,10.8644182088669,0.00189062884599238
b8fb9f55cd6d,3216x2136,pass,2.26045209311908,0.000469196003829523,0.741739093772395,0.000388161102354905
bb733062f494,3216x2136,pass,1.92952412372558,0.000207601766682823,0.151414699637594,0.000145579934645979
bcdc8db5423b,3216x2136,pass,5.80765249271789,0.00289036887394385,1.55781534891485,0.00176414738302507
be161517d3ac,1504x1000,pass,7.00965437594197,0.0036550154159484,16.0361605793484,0.00277788913429202
bf9cba745efc,1050x1050,pass,16.8542981266099,0.00302231092832752,38.3535655900084,0.00250111031776531
bfda2fd0533a,2416x1736,pass,6.21426677389348,0.00196420173911169,24.8553950556147,0.00147963458420895
c1c8550508e0,3216x2136,pass,6.02977353861758,0.00461730116868438,3.47990146949826,0.00370057192066927
c4e8b1ec8893,1050x1050,pass,7.27389292429503,0.00129175129978453,7.15678849230573,0.000887754378612222
c5431b81cbc9,2588x1958,pass,7.21317394314112,0.00152268822618426,14.2432753417098,0.00117006615249445
c9d42d7534e0,2416x1736,pass,7.57973456160143,0.00161550190332447,14.8289728983745,0.00124652776338673
cd9e2190c73f,2416x1736,pass,6.18386621101382,0.00131569248282239,5.48578717028265,0.000820177294947795
d25b8a8ad3c4,2588x1958,pass,2.11840858457373,0.00713345005944524,1.39299877462564,0.00621802356122213
d9a475dfe59a,2416x1736,pass,5.54395875496606,0.000633714913394589,7.69293846095629,0.000590835783206083
df8365d6ac33,3216x2136,pass,2.98879910952835,0.000460319205467904,1.493980714189,0.000351421795676337
e1418d28d668,2588x1958,pass,2.11461153803782,0.00877400701557066,0.840735619476246,0.00850292689661492
e34fa07bd64d,1844x1226,pass,5.15187159944379,0.000408061991059555,5.55350994326763,0.000316245593962907
e65a2ff90494,2416x1736,pass,5.93282854149117,0.0040861485993805,13.4776110686804,0.00389667986144172
e9f82b5bbaf4,2416x1736,pass,3.93977388349932,0.000881755903330167,3.15655176918348,0.000485006098688798
ea9e0fb6fb0b,2144x1424,pass,6.47980662979452,0.00288254463211683,14.7142277815987,0.00210230147988618
eadfc8809ec8,3216x2136,pass,2.37575299972226,0.000545946948303607,1.69436548350172,0.00045114444922758
ee059945b08a,2588x1958,pass,4.07455582563242,0.003597440818339,64.9603201564368,0.00318903085301819
f7edc074f06b,2416x1736,pass,6.53420064311281,0.00193305898934401,54.9311205178506,0.00151212474433508
f9aa35187bf3,1050x1050,pass,16.1971569724642,0.00318546012652688,44.8620226566763,0.00242019273736769
042470a92154,2416x1736,pass,4.74211062330969,0.00176440534448794,4.59980410067689,0.00129103670354561
069f43616fab,2896x1944,pass,2.18654140322876,0.000197603634709759,0.691123148772232,0.000140983010967046
070f67572d03,2416x1736,pass,5.08823215228748,0.000736045569727356,4.50291117902852,0.000452776347202964
093a42649c29,4288x2848,pass,3.40634650470846,0.00108238608100773,2.07204375731796,0.000671655567165699
0c917c372572,2416x1736,pass,5.33999848223446,0.000611387187884317,8.29263504037405,0.000462774861842136
0dc8d25b3f69,2416x1736,pass,6.86779253688188,0.00100722825063471,5.33143054976521,0.000841866516010336
0edadb2aa127,4288x2848,pass,3.54881000998277,0.00169959108444172,2.94158874046207,0.00125407509599986
166068a24416,2416x1736,pass,4.44921985784495,0.00134097835112176,2.7645740298772,0.00111986307250483
191a711852bd,2416x1736,pass,3.34939800828184,0.000648649780625684,1.59921720559272,0.000580479364009732
19244004583f,2416x1736,pass,5.23102848836997,0.001193271889209,4.97047854055208,0.0010168942039195
1c9521878baf,3216x2136,pass,1.99750659664073,0.000418860348819229,1.16566440045773,0.000273711496838617
237c078d00fc,2588x1958,pass,4.37418679924719,0.00170932772040926,0.821257718031361,0.00142721883380996
25b0e72705a8,2416x1736,pass,7.78306284925787,0.00271504946778283,10.7158159717573,0.00251228310462421
2665f72e2dd3,2896x1944,pass,3.22271274870325,0.000933553387018334,1.88518387094164,0.000731054846274417
299086c6d1b5,2588x1958,pass,4.05160774762342,0.00365208604809751,5.29400339467848,0.00197539756229689
2bbd1f99ecc3,2896x1944,pass,3.63979130462989,0.00110717461256418,1.85081251620495,0.000725663172975001
2f42e20db938,2588x1958,pass,3.40557246304497,0.00238542229145943,0.696850822760668,0.00193731972153469
3218a6d8eb2c,3388x2588,pass,3.77158001413911,0.00156092277255742,2.4450368707657,0.00143583524634926
3435fd8675a2,1476x1117,pass,17.5806957931624,0.00556333835720217,27.2893335899384,0.00440306139659661
36865bbc64d6,2896x1944,pass,4.94577061737256,0.00241160943252014,4.6767172686765,0.0017532128452957
36b5b3c9fb32,2588x1958,pass,7.79772375653643,0.0015762844710895,4.74186032794035,0.00147447505807977
383e72af1955,2416x1736,pass,7.49429047711959,0.00113080203142897,48.6281083802298,0.000852495718828124
3b018e8b7303,2588x1958,pass,3.94061674579409,0.00105286481546,3.39064028665499,0.000926331806039292
3fa4f4d77177,2416x1736,pass,3.95597919895453,0.00123767933457312,3.02026817305475,0.000858585673235247
405b4f78658f,2146x1764,pass,5.21435524892743,0.00240867430545422,4.27116712774685,0.00201539022643244
42cc993f23a9,2588x1958,pass,3.67219623892006,0.00240053297943778,0.965171137806671,0.00208904262436802
498f143c0374,4288x2848,pass,2.32042936159255,0.000430632234503627,1.31446748189686,0.000333087335429966
4c60b10a3a6a,2588x1958,pass,4.30130584499485,0.00382402946879831,9.68507591652167,0.00220973033034652
4d9fc85a8259,2416x1736,pass,2.41683719553953,0.000636357482099839,1.11533873652628,0.000456275661277539
4fecf87184e6,2416x1736,pass,6.53420064311281,0.00193305898934401,54.9311205178506,0.00151212474433508
50a2aef380c8,3216x2136,pass,2.32258060809681,0.000456109997119533,0.390732667206739,0.000327521939810802
51269b77d312,2416x1736,pass,6.11583839173537,0.00128913891867915,10.3748736552971,0.000938129758257966
5b3e7197ac1c,2416x1736,pass,5.90163710203757,0.00270797386918321,9.21520147273768,0.00160821349041903
6061f5b7378d,2896x1944,pass,2.97698111781088,0.000488187059712594,0.846371427091237,0.000295475581976381
6181aa9f75f4,2588x1958,pass,11.8378081023567,0.00488782605495353,29.8506319093663,0.00442687386853451
697538183db5,2896x1944,pass,3.55487978371466,0.000844744640817826,2.60626072726093,0.000544023642694789
6a244e855d0e,3216x2136,pass,0.625561894913325,7.36102153292816e-05,0.0273298482797225,6.55276826983119e-05
6b128e648646,3216x2136,pass,2.85532423285676,0.000384221602086537,2.31799879040308,0.000274748099285161
6fb656d506b2,3388x2588,pass,3.74995991607946,0.000906321402251775,2.09181531561474,0.000651003416440048
71a39c660432,3216x2136,pass,4.4792837586106,0.000683292293659823,12.4346896068326,0.000548377604711002
762d6e5d5068,2416x1736,pass,5.60907020840394,0.00250493318366189,6.32475438923444,0.00186973382800081
772af553b8b7,2896x1944,pass,4.963962349245,0.00185665927896734,4.34944214019717,0.00122198371224561
788ddb0b70b7,2588x1958,pass,2.59497046731634,0.00297397311747497,1.31988732333034,0.00177410250160409
7a6e384a0846,2588x1958,pass,3.10078980127581,0.00511143079036938,2.49659914411835,0.00443762141135209
7b29e3783919,2588x1958,pass,18.2366682346084,0.00372533107509769,102.511147800353,0.00324915406989867
7d3835e4e63a,3216x2136,pass,2.80221374149124,0.000946385584648788,0.990917018310072,0.000701858544874152
7e160c8b611e,3216x2136,pass,16.4769085197072,0.001592461288256,63.5914884441201,0.00112498010634264
80ca40196225,2588x1958,pass,13.8297500847179,0.00460678839519569,15.5000311889279,0.00397870046508358
8688f3d0fcaf,1050x1050,pass,20.320401108891,0.00895036067951668,410.136468049599,0.00733133618277565
86d6808f0609,2416x1736,pass,11.239477866266,0.00122447416644307,18.0778563607529,0.00108393135716876
8958a4d17b7e,2416x1736,pass,14.6610153340393,0.00133240102731842,54.0438597753398,0.0010798799835594
8a234d68b27e,2588x1958,pass,17.8066114344482,0.00495332749335606,56.7861327427636,0.00382385567938487
8a9bef2fbd4e,2416x1736,pass,3.28321475528657,0.00159533920302292,10.2975250711081,0.00133943930868042
8b76c3c5cb3e,2588x1958,pass,4.34092785355246,0.00167040241829225,2.49343558731382,0.00133680358854616
8c0d05233238,2588x1958,pass,2.70996366139889,0.00437608801323682,0.873473833725417,0.00337730083138366
90b8bf342032,2416x1736,pass,12.8382580539625,0.00123268434894515,50.8518848553692,0.00103726643779778
910bfd38e2f5,3216x2136,pass,2.47501371913587,0.000551859645901308,0.744605631824478,0.000404673395149327
913490237ad4,2588x1958,pass,20.1769797172956,0.00166300818544961,275.918081808805,0.00133389654938383
91cf56d3d1af,2416x1736,pass,4.53391701566699,0.000938552069714025,4.61891215780046,0.00059724956978585
9a94e0316ee3,2416x1736,pass,3.95570225064487,0.00044016421677346,2.02939091031976,0.000370872396757398
9bf060db8376,2416x1736,pass,6.53420064311281,0.00193305898934401,54.9311205178506,0.00151212474433508
9c52b87d01f1,2144x1424,pass,6.76910987148653,0.00827546190268074,28.5575691006415,0.00656742765113175
9f37c98b8187,2588x1958,pass,5.77879030673248,0.00293306456157908,5.65732226743777,0.00237031192135236
a14bbd9a583e,2416x1736,pass,4.12678099472109,0.000715624590918534,1.66858115301253,0.000487826463127934
a14fcf84bfe1,3216x2136,pass,3.85748366634744,0.000295286123822117,7.8204210432667,0.000233115782924036
a4b8de38eac1,2896x1944,pass,5.13217620336163,0.00125101967772073,4.48443678393336,0.000676985341737312
a4d4b69f7404,2416x1736,pass,6.14181555238288,0.00239241532874925,7.41456574987802,0.00200216449428305
a763661f98a5,3216x2136,pass,1.78372457804961,0.000299800289517223,0.380632198632927,0.000230476390580527
a8e88d4891c4,1504x1000,pass,7.69974404521498,0.00223527675328496,15.1359117300308,0.00191734419985075
aba3063c5413,2416x1736,pass,4.68668473119851,0.00125215922699888,5.00330561611827,0.000773454432505318
ad2f0b9d059c,640x480,pass,10.6898942975781,0.00274681757434145,8.79238370256562,0.00217000144548008
b019a49787c1,2896x1944,pass,5.0163897562837,0.00219123087656362,5.51274669985867,0.00140763293645812
b2ffa3e18559,2416x1736,pass,8.69607200818071,0.00268784645804951,18.8001400523426,0.00198080740906009
b6bfe9db60e5,2416x1736,pass,3.99182934420979,0.000960171078869698,2.18670680296265,0.000782265915645463
b7e0f95353f2,3216x2136,pass,2.20425694824595,0.00034226426898455,1.75491466291303,0.000325055904738282
bb5083fae98f,2416x1736,pass,6.3928685804392,0.00188805618034112,6.93043834579054,0.00122017530293466
bb7e0a2544cd,1504x1000,pass,8.83316369763061,0.0061675779335532,21.677536402546,0.00460763633483854
bf8092e4001d,2896x1944,pass,19.0056661714669,0.00475158341509582,19.4526121452468,0.00370790467164389
c0a0828e01b4,3216x2136,pass,2.42396172037636,0.000731273005064826,1.0817697253749,0.000494687744573714
c31651ea04c6,2588x1958,pass,2.98840811241349,0.00313683575516499,1.19815855041089,0.00266792893539788
c3a82acb7d7a,3216x2136,pass,3.54813610251395,0.000771053003385667,1.77109352962275,0.000510048226055583
c5a9ebef1517,2588x1958,pass,6.98884973682449,0.00266910271098073,10.2175416996396,0.00204649279859585
c5ba9e455d5e,3216x2136,pass,3.93525449003456,0.00241100307834487,5.90109064681422,0.00194640671251432
c67117c6ab3b,2416x1736,pass,3.21766277213257,0.000343163033285212,1.2354511083611,0.00028747532008979
c9ea9d5eab65,2416x1736,pass,6.90360593799413,0.00168847632839416,18.911995333091,0.00119365733026792
d0ffa0425ef1,2416x1736,pass,3.54815387991264,0.00113019703492607,2.94111964646455,0.000764625725473641
d16398c971e9,4288x2848,pass,5.05212586370742,0.00108315690874905,2.94841735847907,0.000517126849911179
d2ffe9287dc7,3216x2136,pass,2.68413401094078,0.000377515091471228,2.65691011743104,0.000319732980544028
d3e884109b45,2588x1958,pass,7.94668718145287,0.00252352114655405,30.7285093575003,0.00192026745001718
dd3dad6ca78f,2416x1736,pass,7.37801956228444,0.00355145019809348,9.83845792069859,0.0034258038535552
e13412678eff,2416x1736,pass,6.15651672180252,0.0020625073472502,9.22690117380915,0.00144760511248979
e19936582c61,3216x2136,pass,2.63411087433139,0.000523332377972323,1.79182418847835,0.000339910258453482
e32a359be36d,2588x1958,pass,5.04971988165099,0.00367379821547002,12.3544615421988,0.00247629315359592
e76a9cbb2a8c,1504x1000,pass,8.83316369763061,0.0061675779335532,21.677536402546,0.00460763633483854
f092febbf5c0,2416x1736,pass,4.20258816587303,0.000701054685947414,3.43135571016895,0.000461685661888156
f5a8c6426a71,2416x1736,pass,5.70858092546172,0.000631575053691876,12.3225050306013,0.000547495750127578
f64214bed40e,2588x1958,pass,2.95271478826538,0.00442822429814695,4.33594128123064,0.00272332419108648
f9156aeffc5e,2896x1944,pass,4.65962449839233,0.00204161224624856,8.64324999838882,0.00119165814449972
fcc6aa6755e6,2896x1944,pass,4.96220086148019,0.00186684048334285,4.35973068599518,0.00122837567992753
fe0fc67c7980,1504x1000,pass,7.46360215353097,0.00587247479647982,5.71899364167553,0.00508508381813038
0243404e8a00,2588x1958,pass,4.92057410762007,0.00286521960602009,3.58636451615723,0.00250321226780482
034cb07a550f,3216x2136,pass,7.55910870391425,0.00655667672394681,8.93417517541783,0.00518184279427697
03a7f4a5786f,2588x1958,pass,14.5006230839952,0.00688325356763942,125.892381076613,0.00626154889838054
07122e268a1d,1844x1226,pass,3.02446558472578,0.000797352119943291,57.7577147153608,0.00054579716694021
080ee76c958c,3216x2136,pass,6.17632773552249,0.00347256329104861,2.80009342587324,0.00196926083839279
080f66eedfb9,2416x1736,pass,3.69085582598063,0.000710785911901263,1.62756783234621,0.000411315294557558
0e82bcacc475,2588x1958,pass,3.11821374540744,0.00300435545356724,0.801310678362035,0.00259222166797122
10fca1abf338,1844x1226,pass,1.65060690793048,0.000358738106922344,0.454737953793577,0.000216645827892269
1638404f385c,1504x1000,pass,7.50222879565418,0.0055182933843858,11.2309037514387,0.00437439903194935
16ce555748d8,2416x1736,pass,2.4156890638183,0.000640345616039034,1.11930522174086,0.000460676351524411
187f6ccda87a,4288x2848,pass,4.46505845366711,0.000813000281930718,5.48030174113108,0.000441625252853294
1a90fad9ffa2,3388x2588,pass,4.80923836250508,0.00133124987852659,3.25848603686388,0.0010051933370192
1b32e1d775ea,1504x1000,pass,6.25326212700531,0.00504782118515829,2.34718336574348,0.00444982649199889
1e9224ccca95,3216x2136,pass,5.74820926694091,0.00361773953166557,2.68322462124993,0.00254214298725462
21d18b022429,2588x1958,pass,3.59347419263848,0.00252280634912387,0.851015495115887,0.00205989158718282
222f3ee3a1e8,2416x1736,pass,2.26779921693376,0.000426952344318737,0.906855781570232,0.000346848787386057
22895c89792f,1504x1000,pass,11.079124864696,0.00308579283419862,86.2359464307153,0.0025577976916443
247ac63e5510,3216x2136,pass,2.37897490705565,0.000404966269391979,0.553342142277081,0.000288833186312265
247e98aba610,2416x1736,pass,6.93960324272553,0.00400024162541231,10.7178236875584,0.00369408396122763
254052cf3e48,3216x2136,pass,2.7232335896565,0.000884990067298026,1.12398913362128,0.000579261092740116
25d069089c5e,2416x1736,pass,10.1055499756811,0.00211092347298336,72.555965614677,0.00189574296033089
2628305cbb29,2416x1736,pass,3.29007930463791,0.00050293932398992,2.28100539709819,0.000391998440612043
281d7b7c7676,3388x2588,pass,5.82010927130729,0.00230497983709328,2.53279215841919,0.00189632272516803
2bbcfdc477db,1844x1226,pass,2.94057929452404,0.000277020227804344,6.41715730850623,0.000249317904884655
2f284b6a1940,2416x1736,pass,6.39746038377978,0.00189281669705071,6.92835620831769,0.00122522985923245
2f7789c1e046,1504x1000,pass,7.69974404521498,0.00223527675328496,15.1359117300308,0.00191734419985075
312694ea8e6a,2416x1736,pass,5.75566589358976,0.00258351680315441,6.92927089601204,0.00223327900489372
378963f9df22,1844x1226,pass,7.67345133377587,0.00134623694459744,82.5700971425026,0.000989917489924092
3a6e9730b298,2588x1958,pass,3.14933979211883,0.00546615900166992,0.987134251592952,0.00309071850219575
3ee4841936ef,2416x1736,pass,4.40320333707268,0.00110246606002213,2.85408829697371,0.0007114303880165
3f752fcccec0,2416x1736,pass,4.57181298343254,0.00158143406985245,5.14483898817424,0.000922499339976203
408ea9d5e082,3388x2588,pass,5.45521919924082,0.00586999074260839,5.86527391840547,0.00460958847652433
44ecf3f4efa5,2416x1736,pass,4.67680559421171,0.00204612587601759,5.49717737563324,0.00141766398369907
4689b739d240,2416x1736,pass,4.65481962754123,0.00161698221040743,2.97259929663328,0.00119708237329186
4abca30b676b,2416x1736,pass,2.95896507073032,0.000407774630342309,2.49302747103063,0.000344019661364932
4dc2211a1c31,2588x1958,pass,5.15413790441922,0.00216987325294095,1.32630284034429,0.00171373401864029
5c7ab966a3ee,2588x1958,pass,2.34895718420132,0.00545718871453198,0.750456907838411,0.00407722204353111
612f2df37a1d,2416x1736,pass,3.28590180179908,0.000701312761241953,1.27611372894799,0.000421953980468705
61bbc11fe503,2416x1736,pass,2.46546872612753,0.000529142135051621,1.14203869493652,0.000313252956956486
61e301bd3c25,3388x2588,pass,6.22354729423162,0.00149091110190324,3.27828850357832,0.00105498254370532
64bad93fde3f,1844x1226,pass,5.27903076666744,0.000631382158675362,3.53312402341898,0.000530561345187901
66a0bf258013,2416x1736,pass,5.21049335557082,0.00237019305618366,5.55658895278953,0.00172976341359859
69fff98cb32a,2416x1736,pass,3.40984264636944,0.0010013153040843,1.88469068964695,0.00064229302975636
6cfb7b44ef6f,1844x1226,pass,2.28935441121513,0.000358128258771116,0.571730363246763,0.000222354148675141
6d259b5b4c76,3388x2588,pass,2.76046356160047,0.000598471737429936,1.64678418026708,0.000516553198579412
6e73acb2cf60,2416x1736,pass,3.28083276939294,0.00108475660394837,4.53798662761218,0.000587330346020475
702de9dcde32,2416x1736,pass,3.3000980933322,0.000541233018786284,1.34952555282582,0.000460383729193522
753b14c27c83,2416x1736,pass,6.29759463558839,0.00394075329928662,10.1233907206152,0.00342014781947686
789434d095d1,3216x2136,pass,1.82135382199541,0.000355909470846705,0.316864912170598,0.000321918794007099
78b3f819dcc5,2588x1958,pass,3.37450631674167,0.00274274702364192,1.76268237891061,0.00177838881347442
7b211d8bd249,3388x2588,pass,5.38948302215153,0.00285553720994941,4.46084074404065,0.00232575312535151
7c629b491d1a,3216x2136,pass,2.19036386765506,0.000620310581502283,0.487163790265198,0.000533229643257559
7cc4b7aabe04,2416x1736,pass,4.229702058444,0.00131045762710799,3.12073012839713,0.000866068250111849
7e0598cc88a0,2416x1736,pass,5.35857126180557,0.000959449492559573,2.82632601762759,0.000672645819175109
7efc91af4ae6,474x358,pixel_dimension,NaN,NaN,NaN,NaN
84c663f39632,3388x2588,pass,4.71960877696161,0.00406053375485711,3.04508892680984,0.00295391571327372
857230f64a2e,1844x1226,pass,2.92794601910517,0.000495549908104809,1.38488205757848,0.000382502520322948
875a2fc5fe23,2896x1944,pass,3.35847103724249,0.000838649979063839,1.12732926207174,0.000608057160849338
87774aafe068,2416x1736,pass,4.62143340195552,0.00151656499216926,4.61276773882966,0.00114973586618297
8ac0c44bbf24,2416x1736,pass,6.46400748587838,0.00174633562078708,7.13200355299749,0.00135403701636518
8fd7ad26e691,3216x2136,pass,3.53910786635172,0.000499605040861719,1.60210296968015,0.000432168565014131
905cc86bf100,3216x2136,pass,2.13622564354842,0.000226649071821185,1.08868109532902,0.000191767904451712
9859e2a6cc24,1050x1050,pass,10.863386147722,0.00280731136911468,11.9940782135801,0.00178529025793603
9e3510963315,1504x1000,pass,6.63947715760517,0.00468573011935461,12.7431845012934,0.00402279978873072
a0cd7bffdaa0,1050x1050,pass,9.89489207544718,0.0022918292627902,26.3537646285926,0.00126223915155149
a3fcf42ff56d,3388x2588,pass,3.68183944547592,0.00177263124520037,1.15470380660533,0.00144453273494937
b3819a805dca,2588x1958,pass,3.67945040667837,0.00136753639205371,0.391935804820238,0.00106808151636121
b49b2fac2514,3388x2588,pass,3.66565765518538,0.00153131346442241,0.794355929947582,0.00118493551511459
b70cb31b9abb,3216x2136,pass,3.16403870152382,0.000756576237403492,0.969525112383688,0.000573426668541392
b77b8a1f09f1,2416x1736,pass,2.14355625179526,0.000373852437287566,1.40507562181892,0.0002269072318426
b90bc89ce8d8,3388x2588,pass,5.01301879066496,0.00308862883610975,2.88832606883285,0.00213524678068919
b96b518596b3,4288x2848,pass,6.02253493570882,0.000836097003356816,13.2214594563151,0.000513812359286747
ba08cee68c71,2416x1736,pass,5.09675880314409,0.00164575715339104,4.46593357888365,0.00117161380683446
ba4d2c4b3039,3388x2588,pass,6.12853400919194,0.00317865130453495,3.73003539754333,0.00226673117260367
ba735b286d62,2416x1736,pass,6.88767883226879,0.00240988861431994,7.14747305092457,0.00212226781291448
bd5013540a13,1504x1000,pass,11.079124864696,0.00308579283419862,86.2359464307153,0.0025577976916443
bd9904495ccd,3216x2136,pass,2.10573218700985,0.000361454711152285,0.327795436424654,0.000300168108038424
bdff5d8bddf8,3216x2136,pass,1.59696638925379,0.000393401153468345,0.587973148565403,0.000352566395257217
bfdee9be1f1d,2588x1958,pass,2.96578915523426,0.00319814231441032,1.28673697694234,0.00255908999063935
bfefa7344e7d,1050x1050,pass,20.3039044765941,0.00897286601409336,410.37214360209,0.00736543659422356
c0e509786f7f,3216x2136,pass,7.6234267859606,0.00253627724717411,7.59073340291515,0.00162472640330331
c3d12a23f451,2588x1958,pass,3.71501679959223,0.00324959901692621,1.86431501579584,0.00309325861388815
c62585bd68fb,1476x1117,pass,17.6062916825065,0.00556860126047706,27.3471950449479,0.00440280572264761
c8d2d32f7f29,3216x2136,pass,7.55910870391425,0.00655667672394681,8.93417517541783,0.00518184279427697
cd54d022e37d,3216x2136,pass,2.45766185987398,0.000492763453275907,0.410153959064205,0.000408942660654841
cd972e5639e0,2588x1958,pass,4.42071891487011,0.00196701202689849,0.733081326681932,0.00132653880732542
cf1b9d26d38d,3388x2588,pass,3.51254672680506,0.000623571468040997,2.08408510569399,0.000411807160021142
d1a24527a15d,2416x1736,pass,5.43569734599551,0.00205516931085492,5.90178967600758,0.00126466826605429
d48178e4a49b,3388x2588,pass,4.82488136026769,0.00129932791479344,1.79703156980114,0.00073965626245555
d51b3fe0fa1b,1504x1000,pass,7.18511946234974,0.0109862218889071,6.11999857532573,0.00852709222016563
d803598dabda,1504x1000,pass,6.06590436282939,0.00339890817240823,6.06082400700611,0.00272465876002628
d85ea1220a03,1050x1050,pass,20.3039044765941,0.00897286601409336,410.37214360209,0.00736543659422356
df4913ca3712,1504x1000,pass,7.18511946234974,0.0109862218889071,6.11999857532573,0.00852709222016563
df84e7113003,3216x2136,pass,1.89581172500277,0.000306211017345627,0.508976360543698,0.000248875853630337
e740af6ac6ea,1504x1000,pass,8.13383746999538,0.00475799639864684,59.6772389529724,0.00446029559231949
eaa0dfbd5024,2416x1736,pass,5.9331230276099,0.00172440167197748,4.51645060126958,0.00145831143938309
ed3a0fc5b546,2416x1736,pass,6.88767883226879,0.00240988861431994,7.14747305092457,0.00212226781291448
f2d2a0c92034,3216x2136,pass,3.54085571925151,0.00073114544474624,1.05392841966321,0.000616698846918924
f69835dc7c50,2416x1736,pass,5.74511974735007,0.00176126016087761,6.07678907115999,0.001162321793403
fa59221cf464,2896x1944,pass,4.3627319579936,0.00240373709763831,4.20336337372207,0.0015996071778755
